Workbook
Name Church: 'Best RT60'!$B$4
Name Cinema: 'Best RT60'!$B$5
Name Concert_Hall: 'Best RT60'!$B$2
Name Opera_House: 'Best RT60'!$B$3
Name Reference_Hall: 'Best RT60'!$B$6

Sheet Properties
H1: Frequency (Hz)
A2: Description | H2: 125 Hz | I2: 250 Hz | J2: 500 Hz | K2: 1000 Hz | L2: 2000 Hz | M2: 4000 Hz
A3: Description | H3: 0 | I3: 0 | J3: 0 | K3: 0 | L3: 0 | M3: 0
A4: Concrete (unpainted, rough finish) | H4: 0.01 | I4: 0.02 | J4: 0.04 | K4: 0.06 | L4: 0.08 | M4: 0.1
A5: Concrete (sealed or painted) | H5: 0.01 | I5: 0.02 | J5: 0.02 | K5: 0.02 | L5: 0.02 | M5: 0.02
A6: Marble or glazed tile | H6: 0.01 | I6: 0.01 | J6: 0.01 | K6: 0.01 | L6: 0.02 | M6: 0.02
A7: Wood parquet on concrete | H7: 0.04 | I7: 0.04 | J7: 0.07 | K7: 0.06 | L7: 0.06 | M7: 0.07
A8: Occupied audience,orchestra,chorus | H8: 0.4 | I8: 0.55 | J8: 0.8 | K8: 0.95 | L8: 0.9 | M8: 0.85
A9: Upholstered seats,cloth-covered,perforated bottoms | H9: 0.2 | I9: 0.35 | J9: 0.55 | K9: 0.65 | L9: 0.6 | M9: 0.6
A10: Upholstered seats,leather-covered | H10: 0.15 | I10: 0.25 | J10: 0.35 | K10: 0.4 | L10: 0.35 | M10: 0.35
A11: Acoustic plaster (approximate) | H11: 0.07 | I11: 0.17 | J11: 0.4 | K11: 0.55 | L11: 0.65 | M11: 0.65
A12: Acoustic tile on rigid surface | H12: 0.1 | I12: 0.25 | J12: 0.55 | K12: 0.65 | L12: 0.65 | M12: 0.6
A13: KNAUF plasterboard, R6/18, 65 mm from wall | H13: 0.2 | I13: 0.3 | J13: 0.45 | K13: 0.55 | L13: 0.45 | M13: 0.45
A14: KNAUF plasterboard, R6/18, 65 mm from wall + 20mm Thermolan | H14: 0.35 | I14: 0.45 | J14: 0.5 | K14: 0.5 | L14: 0.45 | M14: 0.5
... A45: Fiberglass, 4 in. on rigid backing | H45: 0.45 | I45: 0.9 | J45: 0.95 | K45: 1 | L45: 0.95 | M45: 0.85
H47: Sound Absorption A in
A48: Description | H48: 125 Hz | I48: 250 Hz | J48: 500 Hz | K48: 1000 Hz | L48: 2000 Hz | M48: 4000 Hz
A49: Description | H49: 0 | I49: 0 | J49: 0 | K49: 0 | L49: 0 | M49: 0
A50: Single person or heavily upholstered seat(± 0.10 ) | H50: 0.4 | I50: 0.7 | J50: 0.85 | K50: 0.95 | L50: 0.9 | M50: 0.8
A51: Wooden chair, table, furnishing, for one person | H51: 0.02 | I51: 0.03 | J51: 0.05 | K51: 0.08 | L51: 0.08 | M51: 0.05

Sheet RT60
A1: INPUT | J1: OUTPUT
A2: Room volume (m3) | B2: 345.6
A4: Material | B4: Area (m2) | C4: 125 Hz | D4: 250 Hz | E4: 500 Hz | F4: 1000 Hz | G4: 2000 Hz | H4: 4000 Hz | K4: Material Absorption | S4: RT60 (s)
A5: Acoustic plaster (approximate) | B5: 30 | C5: =INDEX(Properties!$H$4:$M$46,MATCH($A5,Properties!$A$4:$A$46,0),MATCH('RT60'!C$4,Properties!$H$2:$M$2,0)) -> 0.07 | D5: =INDEX(Properties!$H$4:$M$46,MATCH($A5,Properties!$A$4:$A$46,0),MATCH('RT60'!D$4,Properties!$H$2:$M$2,0)) -> 0.17 | E5: =INDEX(Properties!$H$4:$M$46,MATCH($A5,Properties!$A$4:$A$46,0),MATCH('RT60'!E$4,Properties!$H$2:$M$2,0)) -> 0.4 | F5: =INDEX(Properties!$H$4:$M$46,MATCH($A5,Properties!$A$4:$A$46,0),MATCH('RT60'!F$4,Properties!$H$2:$M$2,0)) -> 0.55 | G5: =INDEX(Properties!$H$4:$M$46,MATCH($A5,Properties!$A$4:$A$46,0),MATCH('RT60'!G$4,Properties!$H$2:$M$2,0)) -> 0.65 | H5: =INDEX(Properties!$H$4:$M$46,MATCH($A5,Properties!$A$4:$A$46,0),MATCH('RT60'!H$4,Properties!$H$2:$M$2,0)) -> 0.65 | K5: 125 Hz | L5: 250 Hz | M5: 500 Hz | N5: 1000 Hz | O5: 2000 Hz | P5: 4000 Hz | S5: 125 Hz | T5: 250 Hz | U5: 500 Hz | V5: 1000 Hz | W5: 2000 Hz | X5: 4000 Hz
A6: Concrete (sealed or painted) | B6: 0 | C6: =INDEX(Properties!$H$4:$M$46,MATCH($A6,Properties!$A$4:$A$46,0),MATCH('RT60'!C$4,Properties!$H$2:$M$2,0)) -> 0.01 | D6: =INDEX(Properties!$H$4:$M$46,MATCH($A6,Properties!$A$4:$A$46,0),MATCH('RT60'!D$4,Properties!$H$2:$M$2,0)) -> 0.02 | E6: =INDEX(Properties!$H$4:$M$46,MATCH($A6,Properties!$A$4:$A$46,0),MATCH('RT60'!E$4,Properties!$H$2:$M$2,0)) -> 0.02 | F6: =INDEX(Properties!$H$4:$M$46,MATCH($A6,Properties!$A$4:$A$46,0),MATCH('RT60'!F$4,Properties!$H$2:$M$2,0)) -> 0.02 | G6: =INDEX(Properties!$H$4:$M$46,MATCH($A6,Properties!$A$4:$A$46,0),MATCH('RT60'!G$4,Properties!$H$2:$M$2,0)) -> 0.02 | H6: =INDEX(Properties!$H$4:$M$46,MATCH($A6,Properties!$A$4:$A$46,0),MATCH('RT60'!H$4,Properties!$H$2:$M$2,0)) -> 0.02 | J6: Sabine | K6: ='Sabine + NorrisEyring'!D15 -> 6.02 | L6: ='Sabine + NorrisEyring'!E15 -> 13.75 | M6: ='Sabine + NorrisEyring'!F15 -> 21.55 | N6: ='Sabine + NorrisEyring'!G15 -> 26.35 | O6: ='Sabine + NorrisEyring'!H15 -> 26.25 | P6: ='Sabine + NorrisEyring'!I15 -> 24.8 | R6: Sabine | S6: ='Sabine + NorrisEyring'!N3 -> 3.7544939 | T6: ='Sabine + NorrisEyring'!O3 -> 1.9088027 | U6: ='Sabine + NorrisEyring'!P3 -> 1.3824 | V6: ='Sabine + NorrisEyring'!Q3 -> 1.1776 | W6: ='Sabine + NorrisEyring'!R3 -> 1.2082866 | X6: ='Sabine + NorrisEyring'!S3 -> 1.3123019
A7: Fiberglass, 2 in. on rigid backing | B7: 22 | C7: =INDEX(Properties!$H$4:$M$46,MATCH($A7,Properties!$A$4:$A$46,0),MATCH('RT60'!C$4,Properties!$H$2:$M$2,0)) -> 0.21 | D7: =INDEX(Properties!$H$4:$M$46,MATCH($A7,Properties!$A$4:$A$46,0),MATCH('RT60'!D$4,Properties!$H$2:$M$2,0)) -> 0.5 | E7: =INDEX(Properties!$H$4:$M$46,MATCH($A7,Properties!$A$4:$A$46,0),MATCH('RT60'!E$4,Properties!$H$2:$M$2,0)) -> 0.75 | F7: =INDEX(Properties!$H$4:$M$46,MATCH($A7,Properties!$A$4:$A$46,0),MATCH('RT60'!F$4,Properties!$H$2:$M$2,0)) -> 0.9 | G7: =INDEX(Properties!$H$4:$M$46,MATCH($A7,Properties!$A$4:$A$46,0),MATCH('RT60'!G$4,Properties!$H$2:$M$2,0)) -> 0.85 | H7: =INDEX(Properties!$H$4:$M$46,MATCH($A7,Properties!$A$4:$A$46,0),MATCH('RT60'!H$4,Properties!$H$2:$M$2,0)) -> 0.8 | J7: Norris-Eyring | K7: ='Sabine + NorrisEyring'!D16 -> 6.3078274 | L7: ='Sabine + NorrisEyring'!E16 -> 15.389553 | M7: ='Sabine + NorrisEyring'!F16 -> 26.001347 | N7: ='Sabine + NorrisEyring'!G16 -> 33.479483 | O7: ='Sabine + NorrisEyring'!H16 -> 33.314864 | P7: ='Sabine + NorrisEyring'!I16 -> 30.972251 | R7: Norris-Eyring | S7: ='Sabine + NorrisEyring'!N6 -> 3.682965 | T7: ='Sabine + NorrisEyring'!O6 -> 1.8071584 | U7: ='Sabine + NorrisEyring'!P6 -> 1.244741 | V7: ='Sabine + NorrisEyring'!Q6 -> 1.0232094 | W7: ='Sabine + NorrisEyring'!R6 -> 1.0475712 | X7: ='Sabine + NorrisEyring'!S6 -> 1.145543
A8: Floor, linoleum, flexible tile, on concrete | B8: 35 | C8: =INDEX(Properties!$H$4:$M$46,MATCH($A8,Properties!$A$4:$A$46,0),MATCH('RT60'!C$4,Properties!$H$2:$M$2,0)) -> 0.02 | D8: =INDEX(Properties!$H$4:$M$46,MATCH($A8,Properties!$A$4:$A$46,0),MATCH('RT60'!D$4,Properties!$H$2:$M$2,0)) -> 0.03 | E8: =INDEX(Properties!$H$4:$M$46,MATCH($A8,Properties!$A$4:$A$46,0),MATCH('RT60'!E$4,Properties!$H$2:$M$2,0)) -> 0.03 | F8: =INDEX(Properties!$H$4:$M$46,MATCH($A8,Properties!$A$4:$A$46,0),MATCH('RT60'!F$4,Properties!$H$2:$M$2,0)) -> 0.03 | G8: =INDEX(Properties!$H$4:$M$46,MATCH($A8,Properties!$A$4:$A$46,0),MATCH('RT60'!G$4,Properties!$H$2:$M$2,0)) -> 0.03 | H8: =INDEX(Properties!$H$4:$M$46,MATCH($A8,Properties!$A$4:$A$46,0),MATCH('RT60'!H$4,Properties!$H$2:$M$2,0)) -> 0.02 | J8: Sette-Millington | K8: ='Sette-Millington'!C13 -> 8.0701069 | L8: ='Sette-Millington'!D13 -> 21.905198 | M8: ='Sette-Millington'!E13 -> 46.889317 | N8: ='Sette-Millington'!F13 -> 75.678175 | O8: ='Sette-Millington'!G13 -> 74.297376 | P8: ='Sette-Millington'!H13 -> 67.609393 | R8: Sette-Millington | S8: ='Sette-Millington'!L3 -> 3.2982364 | T8: ='Sette-Millington'!M3 -> 1.4915241 | U8: ='Sette-Millington'!N3 -> 0.84833327 | V8: ='Sette-Millington'!O3 -> 0.57613016 | W8: ='Sette-Millington'!P3 -> 0.59131936 | X8: ='Sette-Millington'!Q3 -> 0.65299844
A9: Marble or glazed tile | B9: 0 | C9: =INDEX(Properties!$H$4:$M$46,MATCH($A9,Properties!$A$4:$A$46,0),MATCH('RT60'!C$4,Properties!$H$2:$M$2,0)) -> 0.01 | D9: =INDEX(Properties!$H$4:$M$46,MATCH($A9,Properties!$A$4:$A$46,0),MATCH('RT60'!D$4,Properties!$H$2:$M$2,0)) -> 0.01 | E9: =INDEX(Properties!$H$4:$M$46,MATCH($A9,Properties!$A$4:$A$46,0),MATCH('RT60'!E$4,Properties!$H$2:$M$2,0)) -> 0.01 | F9: =INDEX(Properties!$H$4:$M$46,MATCH($A9,Properties!$A$4:$A$46,0),MATCH('RT60'!F$4,Properties!$H$2:$M$2,0)) -> 0.01 | G9: =INDEX(Properties!$H$4:$M$46,MATCH($A9,Properties!$A$4:$A$46,0),MATCH('RT60'!G$4,Properties!$H$2:$M$2,0)) -> 0.02 | H9: =INDEX(Properties!$H$4:$M$46,MATCH($A9,Properties!$A$4:$A$46,0),MATCH('RT60'!H$4,Properties!$H$2:$M$2,0)) -> 0.02 | R9: Sabine with air absorption | S9: ='Air absorption'!P5 -> 3.7544939 | T9: ='Air absorption'!Q5 -> 1.9088027 | U9: ='Air absorption'!R5 -> 1.3824 | V9: ='Air absorption'!S5 -> 1.1776 | W9: ='Air absorption'!T5 -> 1.1278733 | X9: ='Air absorption'!U5 -> 1.1013428
A10: wooden walls, 2 in. | B10: 0 | C10: =INDEX(Properties!$H$4:$M$46,MATCH($A10,Properties!$A$4:$A$46,0),MATCH('RT60'!C$4,Properties!$H$2:$M$2,0)) -> 0.14 | D10: =INDEX(Properties!$H$4:$M$46,MATCH($A10,Properties!$A$4:$A$46,0),MATCH('RT60'!D$4,Properties!$H$2:$M$2,0)) -> 0.1 | E10: =INDEX(Properties!$H$4:$M$46,MATCH($A10,Properties!$A$4:$A$46,0),MATCH('RT60'!E$4,Properties!$H$2:$M$2,0)) -> 0.07 | F10: =INDEX(Properties!$H$4:$M$46,MATCH($A10,Properties!$A$4:$A$46,0),MATCH('RT60'!F$4,Properties!$H$2:$M$2,0)) -> 0.05 | G10: =INDEX(Properties!$H$4:$M$46,MATCH($A10,Properties!$A$4:$A$46,0),MATCH('RT60'!G$4,Properties!$H$2:$M$2,0)) -> 0.05 | H10: =INDEX(Properties!$H$4:$M$46,MATCH($A10,Properties!$A$4:$A$46,0),MATCH('RT60'!H$4,Properties!$H$2:$M$2,0)) -> 0.05 | K10: Object Absorption
A11: Marble or glazed tile | B11: 0 | C11: =INDEX(Properties!$H$4:$M$46,MATCH($A11,Properties!$A$4:$A$46,0),MATCH('RT60'!C$4,Properties!$H$2:$M$2,0)) -> 0.01 | D11: =INDEX(Properties!$H$4:$M$46,MATCH($A11,Properties!$A$4:$A$46,0),MATCH('RT60'!D$4,Properties!$H$2:$M$2,0)) -> 0.01 | E11: =INDEX(Properties!$H$4:$M$46,MATCH($A11,Properties!$A$4:$A$46,0),MATCH('RT60'!E$4,Properties!$H$2:$M$2,0)) -> 0.01 | F11: =INDEX(Properties!$H$4:$M$46,MATCH($A11,Properties!$A$4:$A$46,0),MATCH('RT60'!F$4,Properties!$H$2:$M$2,0)) -> 0.01 | G11: =INDEX(Properties!$H$4:$M$46,MATCH($A11,Properties!$A$4:$A$46,0),MATCH('RT60'!G$4,Properties!$H$2:$M$2,0)) -> 0.02 | H11: =INDEX(Properties!$H$4:$M$46,MATCH($A11,Properties!$A$4:$A$46,0),MATCH('RT60'!H$4,Properties!$H$2:$M$2,0)) -> 0.02 | K11: 125 Hz | L11: 250 Hz | M11: 500 Hz | N11: 1000 Hz | O11: 2000 Hz | P11: 4000 Hz | R11: Best RT60 | S11: ='Best RT60'!E10 -> 0.76484684
A12: Concrete block, painted | B12: 0 | C12: =INDEX(Properties!$H$4:$M$46,MATCH($A12,Properties!$A$4:$A$46,0),MATCH('RT60'!C$4,Properties!$H$2:$M$2,0)) -> 0.1 | D12: =INDEX(Properties!$H$4:$M$46,MATCH($A12,Properties!$A$4:$A$46,0),MATCH('RT60'!D$4,Properties!$H$2:$M$2,0)) -> 0.05 | E12: =INDEX(Properties!$H$4:$M$46,MATCH($A12,Properties!$A$4:$A$46,0),MATCH('RT60'!E$4,Properties!$H$2:$M$2,0)) -> 0.06 | F12: =INDEX(Properties!$H$4:$M$46,MATCH($A12,Properties!$A$4:$A$46,0),MATCH('RT60'!F$4,Properties!$H$2:$M$2,0)) -> 0.07 | G12: =INDEX(Properties!$H$4:$M$46,MATCH($A12,Properties!$A$4:$A$46,0),MATCH('RT60'!G$4,Properties!$H$2:$M$2,0)) -> 0.09 | H12: =INDEX(Properties!$H$4:$M$46,MATCH($A12,Properties!$A$4:$A$46,0),MATCH('RT60'!H$4,Properties!$H$2:$M$2,0)) -> 0.08 | K12: ='Sabine + NorrisEyring'!D23 -> 8.8 | L12: ='Sabine + NorrisEyring'!E23 -> 15.4 | M12: ='Sabine + NorrisEyring'!F23 -> 18.7 | N12: ='Sabine + NorrisEyring'!G23 -> 20.9 | O12: ='Sabine + NorrisEyring'!H23 -> 19.8 | P12: ='Sabine + NorrisEyring'!I23 -> 17.6
A13: Concrete block, painted | B13: 0 | C13: =INDEX(Properties!$H$4:$M$46,MATCH($A13,Properties!$A$4:$A$46,0),MATCH('RT60'!C$4,Properties!$H$2:$M$2,0)) -> 0.1 | D13: =INDEX(Properties!$H$4:$M$46,MATCH($A13,Properties!$A$4:$A$46,0),MATCH('RT60'!D$4,Properties!$H$2:$M$2,0)) -> 0.05 | E13: =INDEX(Properties!$H$4:$M$46,MATCH($A13,Properties!$A$4:$A$46,0),MATCH('RT60'!E$4,Properties!$H$2:$M$2,0)) -> 0.06 | F13: =INDEX(Properties!$H$4:$M$46,MATCH($A13,Properties!$A$4:$A$46,0),MATCH('RT60'!F$4,Properties!$H$2:$M$2,0)) -> 0.07 | G13: =INDEX(Properties!$H$4:$M$46,MATCH($A13,Properties!$A$4:$A$46,0),MATCH('RT60'!G$4,Properties!$H$2:$M$2,0)) -> 0.09 | H13: =INDEX(Properties!$H$4:$M$46,MATCH($A13,Properties!$A$4:$A$46,0),MATCH('RT60'!H$4,Properties!$H$2:$M$2,0)) -> 0.08 | S13: Critical Distance - Dc (m)
K14: Total Absorption | S14: 125 Hz | T14: 250 Hz | U14: 500 Hz | V14: 1000 Hz | W14: 2000 Hz | X14: 4000 Hz
A15: Object | B15: Number of objects | K15: 125 Hz | L15: 250 Hz | M15: 500 Hz | N15: 1000 Hz | O15: 2000 Hz | P15: 4000 Hz | S15: ='Critical Distance'!B12 -> 0.36005593 | T15: ='Critical Distance'!C12 -> 0.58231366 | U15: ='Critical Distance'!D12 -> 0.78908199 | V15: ='Critical Distance'!E12 -> 0.92262554 | W15: ='Critical Distance'!F12 -> 0.91974256 | X15: ='Critical Distance'!G12 -> 0.87848642
A16: Single person or heavily upholstered seat(± 0.10 ) | B16: 22 | C16: =INDEX(Properties!$H$49:$M$51, MATCH('RT60'!$A16,Properties!$A$49:$A$51,0),MATCH('RT60'!C$4,Properties!$H$48:$M$48,0)) -> 0.4 | D16: =INDEX(Properties!$H$49:$M$51, MATCH('RT60'!$A16,Properties!$A$49:$A$51,0),MATCH('RT60'!D$4,Properties!$H$48:$M$48,0)) -> 0.7 | E16: =INDEX(Properties!$H$49:$M$51, MATCH('RT60'!$A16,Properties!$A$49:$A$51,0),MATCH('RT60'!E$4,Properties!$H$48:$M$48,0)) -> 0.85 | F16: =INDEX(Properties!$H$49:$M$51, MATCH('RT60'!$A16,Properties!$A$49:$A$51,0),MATCH('RT60'!F$4,Properties!$H$48:$M$48,0)) -> 0.95 | G16: =INDEX(Properties!$H$49:$M$51, MATCH('RT60'!$A16,Properties!$A$49:$A$51,0),MATCH('RT60'!G$4,Properties!$H$48:$M$48,0)) -> 0.9 | H16: =INDEX(Properties!$H$49:$M$51, MATCH('RT60'!$A16,Properties!$A$49:$A$51,0),MATCH('RT60'!H$4,Properties!$H$48:$M$48,0)) -> 0.8 | J16: Sabine | K16: ='Sabine + NorrisEyring'!D25 -> 14.82 | L16: ='Sabine + NorrisEyring'!E25 -> 29.15 | M16: ='Sabine + NorrisEyring'!F25 -> 40.25 | N16: ='Sabine + NorrisEyring'!G25 -> 47.25 | O16: ='Sabine + NorrisEyring'!H25 -> 46.05 | P16: ='Sabine + NorrisEyring'!I25 -> 42.4
A17: Description | B17: 0 | C17: =INDEX(Properties!$H$49:$M$51, MATCH('RT60'!$A17,Properties!$A$49:$A$51,0),MATCH('RT60'!C$4,Properties!$H$48:$M$48,0)) -> 0 | D17: =INDEX(Properties!$H$49:$M$51, MATCH('RT60'!$A17,Properties!$A$49:$A$51,0),MATCH('RT60'!D$4,Properties!$H$48:$M$48,0)) -> 0 | E17: =INDEX(Properties!$H$49:$M$51, MATCH('RT60'!$A17,Properties!$A$49:$A$51,0),MATCH('RT60'!E$4,Properties!$H$48:$M$48,0)) -> 0 | F17: =INDEX(Properties!$H$49:$M$51, MATCH('RT60'!$A17,Properties!$A$49:$A$51,0),MATCH('RT60'!F$4,Properties!$H$48:$M$48,0)) -> 0 | G17: =INDEX(Properties!$H$49:$M$51, MATCH('RT60'!$A17,Properties!$A$49:$A$51,0),MATCH('RT60'!G$4,Properties!$H$48:$M$48,0)) -> 0 | H17: =INDEX(Properties!$H$49:$M$51, MATCH('RT60'!$A17,Properties!$A$49:$A$51,0),MATCH('RT60'!H$4,Properties!$H$48:$M$48,0)) -> 0 | J17: Norris-Eyring | K17: ='Sabine + NorrisEyring'!D26 -> 15.107827 | L17: ='Sabine + NorrisEyring'!E26 -> 30.789553 | M17: ='Sabine + NorrisEyring'!F26 -> 44.701347 | N17: ='Sabine + NorrisEyring'!G26 -> 54.379483 | O17: ='Sabine + NorrisEyring'!H26 -> 53.114864 | P17: ='Sabine + NorrisEyring'!I26 -> 48.572251
A18: Description | B18: 0 | C18: 0 | D18: 0 | E18: 0 | F18: 0 | G18: 0 | H18: 0 | J18: Sette-Millington | K18: ='Sette-Millington'!C24 -> 16.870107 | L18: ='Sette-Millington'!D24 -> 37.305198 | M18: ='Sette-Millington'!E24 -> 65.589317 | N18: ='Sette-Millington'!F24 -> 96.578175 | O18: ='Sette-Millington'!G24 -> 94.097376 | P18: ='Sette-Millington'!H24 -> 85.209393
A19: Description | B19: 0 | C19: 0 | D19: 0 | E19: 0 | F19: 0 | G19: 0 | H19: 0
K20: Air Absorption
B21: AIR ABOSRPTION | C21: Humidity (30%,50%,70%) | D21: Temperature (15,20,25,30) | K21: 125Hz | L21: 250 Hz | M21: 500 Hz | N21: 1000 Hz | O21: 2000 Hz | P21: 4000 Hz
C22: 30 | D22: 25 | K22: ='Air absorption'!I5 -> 0 | L22: ='Air absorption'!J5 -> 0 | M22: ='Air absorption'!K5 -> 0 | N22: ='Air absorption'!L5 -> 0 | O22: ='Air absorption'!M5 -> 3.2832 | P22: ='Air absorption'!N5 -> 8.1216
C24: 125 Hz | D24: 250 Hz | E24: 500 Hz | F24: 1000 Hz | G24: 2000 Hz | H24: 4000 Hz
A25: Directivity Factor -Q | C25: 1 | D25: 1 | E25: 1 | F25: 1 | G25: 1 | H25: 1

Sheet Best RT60
A1: Use | B1: Best Volume /person (m3) | D1: Use | E1: Best Volume /person (m3)
A2: Concert Hall | B2: 7.1 | D2: Opera House | E2: =VLOOKUP(D2, A2:B6, 2,FALSE) -> 4.6
A3: Opera House | B3: 4.6
A4: Church | B4: 7.5 | D4: Number of people | E4: =('RT60'!B2/E2) -> 75.130435
A5: Cinema | B5: 3.1
A6: Reference Hall | B6: 2.8 | D6: Source | E6: r
D7: Speaking | E7: =VLOOKUP(D7, A9:B11, 2,FALSE) -> 4
A8: Source | B8: r
A9: Speaking | B9: 4
A10: Orchestra | B10: 5 | D10: Best RT60 | E10: =E7*(0.012*('RT60'!B2^(1/3))+0.107) -> 0.76484684
A11: Choir | B11: 6

Sheet Sabine + NorrisEyring
B1: Material | C1: Area (m2) | D1: 125 Hz | E1: 250 Hz | F1: 500 Hz | G1: 1000 Hz | H1: 2000 Hz | I1: 4000 Hz | M1: RT60 (s)
B2: ='RT60'!A5 -> Acoustic plaster (approximate) | C2: 10 | D2: ='RT60'!C5 -> 0.07 | E2: ='RT60'!D5 -> 0.17 | F2: ='RT60'!E5 -> 0.4 | G2: ='RT60'!F5 -> 0.55 | H2: ='RT60'!G5 -> 0.65 | I2: ='RT60'!H5 -> 0.65 | N2: 125 Hz | O2: 250 Hz | P2: 500 Hz | Q2: 1000 Hz | R2: 2000 Hz | S2: 4000 Hz
B3: ='RT60'!A6 -> Concrete (sealed or painted) | C3: ='RT60'!B6 -> 0 | D3: ='RT60'!C6 -> 0.01 | E3: ='RT60'!D6 -> 0.02 | F3: ='RT60'!E6 -> 0.02 | G3: ='RT60'!F6 -> 0.02 | H3: ='RT60'!G6 -> 0.02 | I3: ='RT60'!H6 -> 0.02 | K3: Sabine: | M3: Sabine | N3: =0.161*'RT60'!$B2/'Sabine + NorrisEyring'!D25 -> 3.7544939 | O3: =0.161*'RT60'!$B2/'Sabine + NorrisEyring'!E25 -> 1.9088027 | P3: =0.161*'RT60'!$B2/'Sabine + NorrisEyring'!F25 -> 1.3824 | Q3: =0.161*'RT60'!$B2/'Sabine + NorrisEyring'!G25 -> 1.1776 | R3: =0.161*'RT60'!$B2/'Sabine + NorrisEyring'!H25 -> 1.2082866 | S3: =0.161*'RT60'!$B2/'Sabine + NorrisEyring'!I25 -> 1.3123019
B4: ='RT60'!A7 -> Fiberglass, 2 in. on rigid backing | C4: ='RT60'!B7 -> 22 | D4: ='RT60'!C7 -> 0.21 | E4: ='RT60'!D7 -> 0.5 | F4: ='RT60'!E7 -> 0.75 | G4: ='RT60'!F7 -> 0.9 | H4: ='RT60'!G7 -> 0.85 | I4: ='RT60'!H7 -> 0.8
B5: ='RT60'!A8 -> Floor, linoleum, flexible tile, on concrete | C5: ='RT60'!B8 -> 35 | D5: ='RT60'!C8 -> 0.02 | E5: ='RT60'!D8 -> 0.03 | F5: ='RT60'!E8 -> 0.03 | G5: ='RT60'!F8 -> 0.03 | H5: ='RT60'!G8 -> 0.03 | I5: ='RT60'!H8 -> 0.02
B6: ='RT60'!A9 -> Marble or glazed tile | C6: ='RT60'!B9 -> 0 | D6: ='RT60'!C9 -> 0.01 | E6: ='RT60'!D9 -> 0.01 | F6: ='RT60'!E9 -> 0.01 | G6: ='RT60'!F9 -> 0.01 | H6: ='RT60'!G9 -> 0.02 | I6: ='RT60'!H9 -> 0.02 | K6: Norris-Eyring: | M6: Norris-Eyring | N6: =0.161*'RT60'!$B2/'Sabine + NorrisEyring'!D26 -> 3.682965 | O6: =0.161*'RT60'!$B2/'Sabine + NorrisEyring'!E26 -> 1.8071584 | P6: =0.161*'RT60'!$B2/'Sabine + NorrisEyring'!F26 -> 1.244741 | Q6: =0.161*'RT60'!$B2/'Sabine + NorrisEyring'!G26 -> 1.0232094 | R6: =0.161*'RT60'!$B2/'Sabine + NorrisEyring'!H26 -> 1.0475712 | S6: =0.161*'RT60'!$B2/'Sabine + NorrisEyring'!I26 -> 1.145543
B7: ='RT60'!A10 -> wooden walls, 2 in. | C7: ='RT60'!B10 -> 0 | D7: ='RT60'!C10 -> 0.14 | E7: ='RT60'!D10 -> 0.1 | F7: ='RT60'!E10 -> 0.07 | G7: ='RT60'!F10 -> 0.05 | H7: ='RT60'!G10 -> 0.05 | I7: ='RT60'!H10 -> 0.05
B8: ='RT60'!A11 -> Marble or glazed tile | C8: ='RT60'!B11 -> 0 | D8: ='RT60'!C11 -> 0.01 | E8: ='RT60'!D11 -> 0.01 | F8: ='RT60'!E11 -> 0.01 | G8: ='RT60'!F11 -> 0.01 | H8: ='RT60'!G11 -> 0.02 | I8: ='RT60'!H11 -> 0.02
B9: ='RT60'!A12 -> Concrete block, painted | C9: ='RT60'!B12 -> 0 | D9: ='RT60'!C12 -> 0.1 | E9: ='RT60'!D12 -> 0.05 | F9: ='RT60'!E12 -> 0.06 | G9: ='RT60'!F12 -> 0.07 | H9: ='RT60'!G12 -> 0.09 | I9: ='RT60'!H12 -> 0.08
B10: ='RT60'!A13 -> Concrete block, painted | C10: ='RT60'!B13 -> 0 | D10: ='RT60'!C13 -> 0.1 | E10: ='RT60'!D13 -> 0.05 | F10: ='RT60'!E13 -> 0.06 | G10: ='RT60'!F13 -> 0.07 | H10: ='RT60'!G13 -> 0.09 | I10: ='RT60'!H13 -> 0.08
B11: Total Area | C11: =SUM(C2:C10) -> 67
A13: ᾱ= (S1*a1+S2*a2+⋯+Sn*an)/S | C13: ᾱ | D13: =D15/SUM($C2:$C10) -> 0.089850746 | E13: =E15/SUM($C2:$C10) -> 0.20522388 | F13: =F15/SUM($C2:$C10) -> 0.32164179 | G13: =G15/SUM($C2:$C10) -> 0.39328358 | H13: =H15/SUM($C2:$C10) -> 0.39179104 | I13: =I15/SUM($C2:$C10) -> 0.37014925
A15: AS= S*ᾱ= (S1*a1+S2*a2+…+Sn*an) | C15: Material absorption (Sabine) | D15: =SUMPRODUCT($C2:$C10,D2:D10) -> 6.02 | E15: =SUMPRODUCT($C2:$C10,E2:E10) -> 13.75 | F15: =SUMPRODUCT($C2:$C10,F2:F10) -> 21.55 | G15: =SUMPRODUCT($C2:$C10,G2:G10) -> 26.35 | H15: =SUMPRODUCT($C2:$C10,H2:H10) -> 26.25 | I15: =SUMPRODUCT($C2:$C10,I2:I10) -> 24.8
B16: Ane= -S * ln(1-ᾱ) | C16: Material absorption (Norris-Eyring) | D16: =-$C11*LN(1-D13) -> 6.3078274 | E16: =-$C11*LN(1-E13) -> 15.389553 | F16: =-$C11*LN(1-F13) -> 26.001347 | G16: =-$C11*LN(1-G13) -> 33.479483 | H16: =-$C11*LN(1-H13) -> 33.314864 | I16: =-$C11*LN(1-I13) -> 30.972251
B18: Object | C18: Number of objects
B19: ='RT60'!A16 -> Single person or heavily upholstered seat(± 0.10 ) | C19: ='RT60'!B16 -> 22 | D19: ='RT60'!C16 -> 0.4 | E19: ='RT60'!D16 -> 0.7 | F19: ='RT60'!E16 -> 0.85 | G19: ='RT60'!F16 -> 0.95 | H19: ='RT60'!G16 -> 0.9 | I19: ='RT60'!H16 -> 0.8
B20: ='RT60'!A17 -> Description | C20: ='RT60'!B17 -> 0 | D20: ='RT60'!C17 -> 0 | E20: ='RT60'!D17 -> 0 | F20: ='RT60'!E17 -> 0 | G20: ='RT60'!F17 -> 0 | H20: ='RT60'!G17 -> 0 | I20: ='RT60'!H17 -> 0
B21: ='RT60'!A18 -> Description | C21: ='RT60'!B18 -> 0 | D21: ='RT60'!C18 -> 0 | E21: ='RT60'!D18 -> 0 | F21: ='RT60'!E18 -> 0 | G21: ='RT60'!F18 -> 0 | H21: ='RT60'!G18 -> 0 | I21: ='RT60'!H18 -> 0
C23: Object absorption | D23: =SUMPRODUCT($C19:$C21,D19:D21) -> 8.8 | E23: =SUMPRODUCT($C19:$C21,E19:E21) -> 15.4 | F23: =SUMPRODUCT($C19:$C21,F19:F21) -> 18.7 | G23: =SUMPRODUCT($C19:$C21,G19:G21) -> 20.9 | H23: =SUMPRODUCT($C19:$C21,H19:H21) -> 19.8 | I23: =SUMPRODUCT($C19:$C21,I19:I21) -> 17.6
C25: Total absoprtion (Sabine) | D25: =D15+D23 -> 14.82 | E25: =E15+E23 -> 29.15 | F25: =F15+F23 -> 40.25 | G25: =G15+G23 -> 47.25 | H25: =H15+H23 -> 46.05 | I25: =I15+I23 -> 42.4
C26: Total absoprtion (Norris-Eyring) | D26: =D16+D23 -> 15.107827 | E26: =E16+E23 -> 30.789553 | F26: =F16+F23 -> 44.701347 | G26: =G16+G23 -> 54.379483 | H26: =H16+H23 -> 53.114864 | I26: =I16+I23 -> 48.572251

Sheet Air absorption
A1: Freq (Hz) | B1: 2000 | H1: Ηumidity | I1: Τemper | L1: 4m= | M1: 2000 Hz | N1: 4000 Hz
A2: Temperature | C2: 15 | D2: 20 | E2: 25 | F2: 30 | H2: 50 | I2: 25 | M2: =INDEX(C3:F5,MATCH(H2,B3:B5,0),MATCH(I2,C2:F2,0)) -> 0.0095 | N2: =INDEX(C10:F12,MATCH(H2,B10:B12,0),MATCH(I2,C9:F9,0)) -> 0.0235
A3: Humidity | B3: 30 | C3: 0.0143 | D3: 0.0119 | E3: 0.0114 | F3: 0.0281 | P3: RT60 (s)
A4: Humidity | B4: 50 | C4: 0.0099 | D4: 0.0096 | E4: 0.0095 | F4: 0.0092 | H4: Air absoprtion | I4: 125Hz | J4: 250 Hz | K4: 500 Hz | L4: 1000 Hz | M4: 2000 Hz | N4: 4000 Hz | P4: 125Hz | Q4: 250 Hz | R4: 500 Hz | S4: 1000 Hz | T4: 2000 Hz | U4: 4000 Hz
A5: Humidity | B5: 70 | C5: 0.0088 | D5: 0.0085 | E5: 0.0084 | F5: 0.0082 | I5: 0 | J5: 0 | K5: 0 | L5: 0 | M5: =M2*'RT60'!$B2 -> 3.2832 | N5: =N2*'RT60'!$B2 -> 8.1216 | P5: =0.161*'RT60'!$B2/('Air absorption'!I5+'Air absorption'!I9) -> 3.7544939 | Q5: =0.161*'RT60'!$B2/('Air absorption'!J5+'Air absorption'!J9) -> 1.9088027 | R5: =0.161*'RT60'!$B2/('Air absorption'!K5+'Air absorption'!K9) -> 1.3824 | S5: =0.161*'RT60'!$B2/('Air absorption'!L5+'Air absorption'!L9) -> 1.1776 | T5: =0.161*'RT60'!$B2/('Air absorption'!M5+'Air absorption'!M9) -> 1.1278733 | U5: =0.161*'RT60'!$B2/('Air absorption'!N5+'Air absorption'!N9) -> 1.1013428
A8: Freq (Hz) | B8: 4000 | H8: Total Absorption Sabine | I8: 125Hz | J8: 250 Hz | K8: 500 Hz | L8: 1000 Hz | M8: 2000 Hz | N8: 4000 Hz
A9: Temperature | C9: 15 | D9: 20 | E9: 25 | F9: 30 | I9: ='Sabine + NorrisEyring'!D25 -> 14.82 | J9: ='Sabine + NorrisEyring'!E25 -> 29.15 | K9: ='Sabine + NorrisEyring'!F25 -> 40.25 | L9: ='Sabine + NorrisEyring'!G25 -> 47.25 | M9: ='Sabine + NorrisEyring'!H25 -> 46.05 | N9: ='Sabine + NorrisEyring'!I25 -> 42.4
A10: Humidity | B10: 30 | C10: 0.0486 | D10: 0.0379 | E10: 0.0313 | F10: 0.0281
A11: Humidity | B11: 50 | C11: 0.0286 | D11: 0.0244 | E11: 0.0235 | F11: 0.0233
A12: Humidity | B12: 70 | C12: 0.0223 | D12: 0.0213 | E12: 0.0211 | F12: 0.0207

Sheet Sette-Millington
A1: Material | B1: Area (m2) | C1: 125 Hz | D1: 250 Hz | E1: 500 Hz | F1: 1000 Hz | G1: 2000 Hz | H1: 4000 Hz | L1: RT60 (s)
A2: ='RT60'!A5 -> Acoustic plaster (approximate) | B2: ='RT60'!B5 -> 30 | C2: ='RT60'!C5 -> 0.07 | D2: ='RT60'!D5 -> 0.17 | E2: ='RT60'!E5 -> 0.4 | F2: ='RT60'!F5 -> 0.55 | G2: ='RT60'!G5 -> 0.65 | H2: ='RT60'!H5 -> 0.65 | L2: 125Hz | M2: 250 Hz | N2: 500 Hz | O2: 1000 Hz | P2: 2000 Hz | Q2: 4000 Hz
A3: ='RT60'!A6 -> Concrete (sealed or painted) | B3: ='RT60'!B6 -> 0 | C3: ='RT60'!C6 -> 0.01 | D3: ='RT60'!D6 -> 0.02 | E3: ='RT60'!E6 -> 0.02 | F3: ='RT60'!F6 -> 0.02 | G3: ='RT60'!G6 -> 0.02 | H3: ='RT60'!H6 -> 0.02 | L3: =0.161*'RT60'!$B2/'Sette-Millington'!C24 -> 3.2982364 | M3: =0.161*'RT60'!$B2/'Sette-Millington'!D24 -> 1.4915241 | N3: =0.161*'RT60'!$B2/'Sette-Millington'!E24 -> 0.84833327 | O3: =0.161*'RT60'!$B2/'Sette-Millington'!F24 -> 0.57613016 | P3: =0.161*'RT60'!$B2/'Sette-Millington'!G24 -> 0.59131936 | Q3: =0.161*'RT60'!$B2/'Sette-Millington'!H24 -> 0.65299844
A4: ='RT60'!A7 -> Fiberglass, 2 in. on rigid backing | B4: ='RT60'!B7 -> 22 | C4: ='RT60'!C7 -> 0.21 | D4: ='RT60'!D7 -> 0.5 | E4: ='RT60'!E7 -> 0.75 | F4: ='RT60'!F7 -> 0.9 | G4: ='RT60'!G7 -> 0.85 | H4: ='RT60'!H7 -> 0.8
A5: ='RT60'!A8 -> Floor, linoleum, flexible tile, on concrete | B5: ='RT60'!B8 -> 35 | C5: ='RT60'!C8 -> 0.02 | D5: ='RT60'!D8 -> 0.03 | E5: ='RT60'!E8 -> 0.03 | F5: ='RT60'!F8 -> 0.03 | G5: ='RT60'!G8 -> 0.03 | H5: ='RT60'!H8 -> 0.02
A6: ='RT60'!A9 -> Marble or glazed tile | B6: ='RT60'!B9 -> 0 | C6: ='RT60'!C9 -> 0.01 | D6: ='RT60'!D9 -> 0.01 | E6: ='RT60'!E9 -> 0.01 | F6: ='RT60'!F9 -> 0.01 | G6: ='RT60'!G9 -> 0.02 | H6: ='RT60'!H9 -> 0.02
A7: ='RT60'!A10 -> wooden walls, 2 in. | B7: ='RT60'!B10 -> 0 | C7: ='RT60'!C10 -> 0.14 | D7: ='RT60'!D10 -> 0.1 | E7: ='RT60'!E10 -> 0.07 | F7: ='RT60'!F10 -> 0.05 | G7: ='RT60'!G10 -> 0.05 | H7: ='RT60'!H10 -> 0.05
A8: ='RT60'!A11 -> Marble or glazed tile | B8: ='RT60'!B11 -> 0 | C8: ='RT60'!C11 -> 0.01 | D8: ='RT60'!D11 -> 0.01 | E8: ='RT60'!E11 -> 0.01 | F8: ='RT60'!F11 -> 0.01 | G8: ='RT60'!G11 -> 0.02 | H8: ='RT60'!H11 -> 0.02
A9: ='RT60'!A12 -> Concrete block, painted | B9: ='RT60'!B12 -> 0 | C9: ='RT60'!C12 -> 0.1 | D9: ='RT60'!D12 -> 0.05 | E9: ='RT60'!E12 -> 0.06 | F9: ='RT60'!F12 -> 0.07 | G9: ='RT60'!G12 -> 0.09 | H9: ='RT60'!H12 -> 0.08
A10: ='RT60'!A13 -> Concrete block, painted | B10: ='RT60'!B13 -> 0 | C10: ='RT60'!C13 -> 0.1 | D10: ='RT60'!D13 -> 0.05 | E10: ='RT60'!E13 -> 0.06 | F10: ='RT60'!F13 -> 0.07 | G10: ='RT60'!G13 -> 0.09 | H10: ='RT60'!H13 -> 0.08
A13: AME= -[S1*ln(1-α1 ) +S2*ln(1-α2 )+ …] | B13: Material absoprtion | C13: {=-SUM($B2:$B10*LN(1-C2:C10))} -> 8.0701069 | D13: {=-SUM($B2:$B10*LN(1-D2:D10))} -> 21.905198 | E13: {=-SUM($B2:$B10*LN(1-E2:E10))} -> 46.889317 | F13: {=-SUM($B2:$B10*LN(1-F2:F10))} -> 75.678175 | G13: {=-SUM($B2:$B10*LN(1-G2:G10))} -> 74.297376 | H13: {=-SUM($B2:$B10*LN(1-H2:H10))} -> 67.609393
A16: ='Sabine + NorrisEyring'!B18 -> Object | B16: ='Sabine + NorrisEyring'!C18 -> Number of objects | C16: 125 Hz | D16: 250 Hz | E16: 500 Hz | F16: 1000 Hz | G16: 2000 Hz | H16: 4000 Hz
A17: ='Sabine + NorrisEyring'!B19 -> Single person or heavily upholstered seat(± 0.10 ) | B17: ='Sabine + NorrisEyring'!C19 -> 22 | C17: ='Sabine + NorrisEyring'!D19 -> 0.4 | D17: ='Sabine + NorrisEyring'!E19 -> 0.7 | E17: ='Sabine + NorrisEyring'!F19 -> 0.85 | F17: ='Sabine + NorrisEyring'!G19 -> 0.95 | G17: ='Sabine + NorrisEyring'!H19 -> 0.9 | H17: ='Sabine + NorrisEyring'!I19 -> 0.8
A18: ='Sabine + NorrisEyring'!B20 -> Description | B18: 1 | C18: ='Sabine + NorrisEyring'!D20 -> 0 | D18: ='Sabine + NorrisEyring'!E20 -> 0 | E18: ='Sabine + NorrisEyring'!F20 -> 0 | F18: ='Sabine + NorrisEyring'!G20 -> 0 | G18: ='Sabine + NorrisEyring'!H20 -> 0 | H18: ='Sabine + NorrisEyring'!I20 -> 0
A19: ='Sabine + NorrisEyring'!B21 -> Description | B19: ='Sabine + NorrisEyring'!C21 -> 0 | C19: ='Sabine + NorrisEyring'!D21 -> 0 | D19: ='Sabine + NorrisEyring'!E21 -> 0 | E19: ='Sabine + NorrisEyring'!F21 -> 0 | F19: ='Sabine + NorrisEyring'!G21 -> 0 | G19: ='Sabine + NorrisEyring'!H21 -> 0 | H19: ='Sabine + NorrisEyring'!I21 -> 0
B21: Object Absorption | C21: =SUMPRODUCT(C17:C19,$B17:$B19) -> 8.8 | D21: =SUMPRODUCT(D17:D19,$B17:$B19) -> 15.4 | E21: =SUMPRODUCT(E17:E19,$B17:$B19) -> 18.7 | F21: =SUMPRODUCT(F17:F19,$B17:$B19) -> 20.9 | G21: =SUMPRODUCT(G17:G19,$B17:$B19) -> 19.8 | H21: =SUMPRODUCT(H17:H19,$B17:$B19) -> 17.6
B24: Total absoprtion | C24: =SUM(C13,C21) -> 16.870107 | D24: =SUM(D13,D21) -> 37.305198 | E24: =SUM(E13,E21) -> 65.589317 | F24: =SUM(F13,F21) -> 96.578175 | G24: =SUM(G13,G21) -> 94.097376 | H24: =SUM(H13,H21) -> 85.209393

Sheet Critical Distance
B1: 125 Hz | C1: 250 Hz | D1: 500 Hz | E1: 1000 Hz | F1: 2000 Hz | G1: 4000 Hz
A2: Q | B2: ='RT60'!C25 -> 1 | C2: ='RT60'!D25 -> 1 | D2: ='RT60'!E25 -> 1 | E2: ='RT60'!F25 -> 1 | F2: ='RT60'!G25 -> 1 | G2: ='RT60'!H25 -> 1
A4: Total area (m2) | B4: ='Sabine + NorrisEyring'!C11 -> 67
B6: 125 Hz | C6: 250 Hz | D6: 500 Hz | E6: 1000 Hz | F6: 2000 Hz | G6: 4000 Hz
A7: ᾱ | B7: ='Sabine + NorrisEyring'!D13 -> 0.089850746 | C7: ='Sabine + NorrisEyring'!E13 -> 0.20522388 | D7: ='Sabine + NorrisEyring'!F13 -> 0.32164179 | E7: ='Sabine + NorrisEyring'!G13 -> 0.39328358 | F7: ='Sabine + NorrisEyring'!H13 -> 0.39179104 | G7: ='Sabine + NorrisEyring'!I13 -> 0.37014925
A11: Dc (m) | B11: 125 Hz | C11: 250 Hz | D11: 500 Hz | E11: 1000 Hz | F11: 2000 Hz | G11: 4000 Hz
B12: =0.14*(((B2*$B4*B7)/(1-B7))^0.5) -> 0.36005593 | C12: =0.14*(((C2*$B4*C7)/(1-C7))^0.5) -> 0.58231366 | D12: =0.14*(((D2*$B4*D7)/(1-D7))^0.5) -> 0.78908199 | E12: =0.14*(((E2*$B4*E7)/(1-E7))^0.5) -> 0.92262554 | F12: =0.14*(((F2*$B4*F7)/(1-F7))^0.5) -> 0.91974256 | G12: =0.14*(((G2*$B4*G7)/(1-G7))^0.5) -> 0.87848642
