Workbook
Name Church: 'Best RT60_Fitzroy'!$B$4
Name Cinema: 'Best RT60_Fitzroy'!$B$5
Name Concert_Hall: 'Best RT60_Fitzroy'!$B$2
Name Opera_House: 'Best RT60_Fitzroy'!$B$3
Name Reference_Hall: 'Best RT60_Fitzroy'!$B$6

Sheet Properties_Fitzroy
H1: Frequency (Hz)
A2: Description | H2: 125 Hz | I2: 250 Hz | J2: 500 Hz | K2: 1000 Hz | L2: 2000 Hz | M2: 4000 Hz
A3: Description | H3: 0 | I3: 0 | J3: 0 | K3: 0 | L3: 0 | M3: 0
A4: Concrete (unpainted, rough finish) | H4: 0.01 | I4: 0.02 | J4: 0.04 | K4: 0.06 | L4: 0.08 | M4: 0.1
A5: Concrete (sealed or painted) | H5: 0.01 | I5: 0.02 | J5: 0.02 | K5: 0.02 | L5: 0.02 | M5: 0.02
A6: Marble or glazed tile | H6: 0.01 | I6: 0.01 | J6: 0.01 | K6: 0.01 | L6: 0.02 | M6: 0.02
A7: Wood parquet on concrete | H7: 0.04 | I7: 0.04 | J7: 0.07 | K7: 0.06 | L7: 0.06 | M7: 0.07
A8: Occupied audience,orchestra,chorus | H8: 0.4 | I8: 0.55 | J8: 0.8 | K8: 0.95 | L8: 0.9 | M8: 0.85
A9: Upholstered seats,cloth-covered,perforated bottoms | H9: 0.2 | I9: 0.35 | J9: 0.55 | K9: 0.65 | L9: 0.6 | M9: 0.6
A10: Upholstered seats,leather-covered | H10: 0.15 | I10: 0.25 | J10: 0.35 | K10: 0.4 | L10: 0.35 | M10: 0.35
A11: Acoustic plaster (approximate) | H11: 0.07 | I11: 0.17 | J11: 0.4 | K11: 0.55 | L11: 0.65 | M11: 0.65
A12: Acoustic tile on rigid surface | H12: 0.1 | I12: 0.25 | J12: 0.55 | K12: 0.65 | L12: 0.65 | M12: 0.6
A13: KNAUF plasterboard, R6/18, 65 mm from wall | H13: 0.2 | I13: 0.3 | J13: 0.45 | K13: 0.55 | L13: 0.45 | M13: 0.45
A14: KNAUF plasterboard, R6/18, 65 mm from wall + 20mm Thermolan | H14: 0.35 | I14: 0.45 | J14: 0.5 | K14: 0.5 | L14: 0.45 | M14: 0.5
... A45: Fiberglass, 4 in. on rigid backing | H45: 0.45 | I45: 0.9 | J45: 0.95 | K45: 1 | L45: 0.95 | M45: 0.85
H47: Sound Absorption A in
A48: Description | H48: 125 Hz | I48: 250 Hz | J48: 500 Hz | K48: 1000 Hz | L48: 2000 Hz | M48: 4000 Hz
A49: Description | H49: 0 | I49: 0 | J49: 0 | K49: 0 | L49: 0 | M49: 0
A50: Single person or heavily upholstered seat(± 0.10 ) | H50: 0.4 | I50: 0.7 | J50: 0.85 | K50: 0.95 | L50: 0.9 | M50: 0.8
A51: Wooden chair, table, furnishing, for one person | H51: 0.02 | I51: 0.03 | J51: 0.05 | K51: 0.08 | L51: 0.08 | M51: 0.05

Sheet RT60_Fitzroy
A1: INPUT | K1: OUTPUT
A2: Room Volume (m³) | C2: 250
K3: RT60 (s)
A4: Material - XY | B4: Area (m2) | C4: 125 Hz | D4: 250 Hz | E4: 500 Hz | F4: 1000 Hz | G4: 2000 Hz | H4: 4000 Hz | K4: 125 Hz | L4: 250 Hz | M4: 500 Hz | N4: 1000 Hz | O4: 2000 Hz | P4: 4000 Hz
A5: Concrete (unpainted, rough finish) | B5: 30 | C5: =INDEX(Properties_Fitzroy!$H$3:$M$45,MATCH(RT60_Fitzroy!$A5,Properties_Fitzroy!$A$3:$A$45,0),MATCH(RT60_Fitzroy!C$4,Properties_Fitzroy!$H$2:$M$2,0)) -> 0.01 | D5: =INDEX(Properties_Fitzroy!$H$3:$M$45,MATCH(RT60_Fitzroy!$A5,Properties_Fitzroy!$A$3:$A$45,0),MATCH(RT60_Fitzroy!D$4,Properties_Fitzroy!$H$2:$M$2,0)) -> 0.02 | E5: =INDEX(Properties_Fitzroy!$H$3:$M$45,MATCH(RT60_Fitzroy!$A5,Properties_Fitzroy!$A$3:$A$45,0),MATCH(RT60_Fitzroy!E$4,Properties_Fitzroy!$H$2:$M$2,0)) -> 0.04 | F5: =INDEX(Properties_Fitzroy!$H$3:$M$45,MATCH(RT60_Fitzroy!$A5,Properties_Fitzroy!$A$3:$A$45,0),MATCH(RT60_Fitzroy!F$4,Properties_Fitzroy!$H$2:$M$2,0)) -> 0.06 | G5: =INDEX(Properties_Fitzroy!$H$3:$M$45,MATCH(RT60_Fitzroy!$A5,Properties_Fitzroy!$A$3:$A$45,0),MATCH(RT60_Fitzroy!G$4,Properties_Fitzroy!$H$2:$M$2,0)) -> 0.08 | H5: =INDEX(Properties_Fitzroy!$H$3:$M$45,MATCH(RT60_Fitzroy!$A5,Properties_Fitzroy!$A$3:$A$45,0),MATCH(RT60_Fitzroy!H$4,Properties_Fitzroy!$H$2:$M$2,0)) -> 0.1 | K5: =Fitzroy_Calculations!N6 -> 5.2284148 | L5: =Fitzroy_Calculations!O6 -> 17.79078 | M5: =Fitzroy_Calculations!P6 -> 9.7239195 | N5: =Fitzroy_Calculations!Q6 -> 7.5511619 | O5: =Fitzroy_Calculations!R6 -> 5.2648442 | P5: =Fitzroy_Calculations!S6 -> 5.4411139
A6: Description | B6: 10 | C6: =INDEX(Properties_Fitzroy!$H$3:$M$45,MATCH(RT60_Fitzroy!$A6,Properties_Fitzroy!$A$3:$A$45,0),MATCH(RT60_Fitzroy!C$4,Properties_Fitzroy!$H$2:$M$2,0)) -> 0 | D6: =INDEX(Properties_Fitzroy!$H$3:$M$45,MATCH(RT60_Fitzroy!$A6,Properties_Fitzroy!$A$3:$A$45,0),MATCH(RT60_Fitzroy!D$4,Properties_Fitzroy!$H$2:$M$2,0)) -> 0 | E6: =INDEX(Properties_Fitzroy!$H$3:$M$45,MATCH(RT60_Fitzroy!$A6,Properties_Fitzroy!$A$3:$A$45,0),MATCH(RT60_Fitzroy!E$4,Properties_Fitzroy!$H$2:$M$2,0)) -> 0 | F6: =INDEX(Properties_Fitzroy!$H$3:$M$45,MATCH(RT60_Fitzroy!$A6,Properties_Fitzroy!$A$3:$A$45,0),MATCH(RT60_Fitzroy!F$4,Properties_Fitzroy!$H$2:$M$2,0)) -> 0 | G6: =INDEX(Properties_Fitzroy!$H$3:$M$45,MATCH(RT60_Fitzroy!$A6,Properties_Fitzroy!$A$3:$A$45,0),MATCH(RT60_Fitzroy!G$4,Properties_Fitzroy!$H$2:$M$2,0)) -> 0 | H6: =INDEX(Properties_Fitzroy!$H$3:$M$45,MATCH(RT60_Fitzroy!$A6,Properties_Fitzroy!$A$3:$A$45,0),MATCH(RT60_Fitzroy!H$4,Properties_Fitzroy!$H$2:$M$2,0)) -> 0
A7: Description | B7: 0 | C7: =INDEX(Properties_Fitzroy!$H$3:$M$45,MATCH(RT60_Fitzroy!$A7,Properties_Fitzroy!$A$3:$A$45,0),MATCH(RT60_Fitzroy!C$4,Properties_Fitzroy!$H$2:$M$2,0)) -> 0 | D7: =INDEX(Properties_Fitzroy!$H$3:$M$45,MATCH(RT60_Fitzroy!$A7,Properties_Fitzroy!$A$3:$A$45,0),MATCH(RT60_Fitzroy!D$4,Properties_Fitzroy!$H$2:$M$2,0)) -> 0 | E7: =INDEX(Properties_Fitzroy!$H$3:$M$45,MATCH(RT60_Fitzroy!$A7,Properties_Fitzroy!$A$3:$A$45,0),MATCH(RT60_Fitzroy!E$4,Properties_Fitzroy!$H$2:$M$2,0)) -> 0 | F7: =INDEX(Properties_Fitzroy!$H$3:$M$45,MATCH(RT60_Fitzroy!$A7,Properties_Fitzroy!$A$3:$A$45,0),MATCH(RT60_Fitzroy!F$4,Properties_Fitzroy!$H$2:$M$2,0)) -> 0 | G7: =INDEX(Properties_Fitzroy!$H$3:$M$45,MATCH(RT60_Fitzroy!$A7,Properties_Fitzroy!$A$3:$A$45,0),MATCH(RT60_Fitzroy!G$4,Properties_Fitzroy!$H$2:$M$2,0)) -> 0 | H7: =INDEX(Properties_Fitzroy!$H$3:$M$45,MATCH(RT60_Fitzroy!$A7,Properties_Fitzroy!$A$3:$A$45,0),MATCH(RT60_Fitzroy!H$4,Properties_Fitzroy!$H$2:$M$2,0)) -> 0 | K7: Best RT60 | L7: ='Best RT60_Fitzroy'!E10 -> 0.73038105
A8: Wood parquet on concrete | B8: 0 | C8: =INDEX(Properties_Fitzroy!$H$3:$M$45,MATCH(RT60_Fitzroy!$A8,Properties_Fitzroy!$A$3:$A$45,0),MATCH(RT60_Fitzroy!C$4,Properties_Fitzroy!$H$2:$M$2,0)) -> 0.04 | D8: =INDEX(Properties_Fitzroy!$H$3:$M$45,MATCH(RT60_Fitzroy!$A8,Properties_Fitzroy!$A$3:$A$45,0),MATCH(RT60_Fitzroy!D$4,Properties_Fitzroy!$H$2:$M$2,0)) -> 0.04 | E8: =INDEX(Properties_Fitzroy!$H$3:$M$45,MATCH(RT60_Fitzroy!$A8,Properties_Fitzroy!$A$3:$A$45,0),MATCH(RT60_Fitzroy!E$4,Properties_Fitzroy!$H$2:$M$2,0)) -> 0.07 | F8: =INDEX(Properties_Fitzroy!$H$3:$M$45,MATCH(RT60_Fitzroy!$A8,Properties_Fitzroy!$A$3:$A$45,0),MATCH(RT60_Fitzroy!F$4,Properties_Fitzroy!$H$2:$M$2,0)) -> 0.06 | G8: =INDEX(Properties_Fitzroy!$H$3:$M$45,MATCH(RT60_Fitzroy!$A8,Properties_Fitzroy!$A$3:$A$45,0),MATCH(RT60_Fitzroy!G$4,Properties_Fitzroy!$H$2:$M$2,0)) -> 0.06 | H8: =INDEX(Properties_Fitzroy!$H$3:$M$45,MATCH(RT60_Fitzroy!$A8,Properties_Fitzroy!$A$3:$A$45,0),MATCH(RT60_Fitzroy!H$4,Properties_Fitzroy!$H$2:$M$2,0)) -> 0.07
A9: Description | B9: 0 | C9: =INDEX(Properties_Fitzroy!$H$3:$M$45,MATCH(RT60_Fitzroy!$A9,Properties_Fitzroy!$A$3:$A$45,0),MATCH(RT60_Fitzroy!C$4,Properties_Fitzroy!$H$2:$M$2,0)) -> 0 | D9: =INDEX(Properties_Fitzroy!$H$3:$M$45,MATCH(RT60_Fitzroy!$A9,Properties_Fitzroy!$A$3:$A$45,0),MATCH(RT60_Fitzroy!D$4,Properties_Fitzroy!$H$2:$M$2,0)) -> 0 | E9: =INDEX(Properties_Fitzroy!$H$3:$M$45,MATCH(RT60_Fitzroy!$A9,Properties_Fitzroy!$A$3:$A$45,0),MATCH(RT60_Fitzroy!E$4,Properties_Fitzroy!$H$2:$M$2,0)) -> 0 | F9: =INDEX(Properties_Fitzroy!$H$3:$M$45,MATCH(RT60_Fitzroy!$A9,Properties_Fitzroy!$A$3:$A$45,0),MATCH(RT60_Fitzroy!F$4,Properties_Fitzroy!$H$2:$M$2,0)) -> 0 | G9: =INDEX(Properties_Fitzroy!$H$3:$M$45,MATCH(RT60_Fitzroy!$A9,Properties_Fitzroy!$A$3:$A$45,0),MATCH(RT60_Fitzroy!G$4,Properties_Fitzroy!$H$2:$M$2,0)) -> 0 | H9: =INDEX(Properties_Fitzroy!$H$3:$M$45,MATCH(RT60_Fitzroy!$A9,Properties_Fitzroy!$A$3:$A$45,0),MATCH(RT60_Fitzroy!H$4,Properties_Fitzroy!$H$2:$M$2,0)) -> 0
A10: Description | B10: 0 | C10: =INDEX(Properties_Fitzroy!$H$3:$M$45,MATCH(RT60_Fitzroy!$A10,Properties_Fitzroy!$A$3:$A$45,0),MATCH(RT60_Fitzroy!C$4,Properties_Fitzroy!$H$2:$M$2,0)) -> 0 | D10: 8 | E10: =INDEX(Properties_Fitzroy!$H$3:$M$45,MATCH(RT60_Fitzroy!$A10,Properties_Fitzroy!$A$3:$A$45,0),MATCH(RT60_Fitzroy!E$4,Properties_Fitzroy!$H$2:$M$2,0)) -> 0 | F10: =INDEX(Properties_Fitzroy!$H$3:$M$45,MATCH(RT60_Fitzroy!$A10,Properties_Fitzroy!$A$3:$A$45,0),MATCH(RT60_Fitzroy!F$4,Properties_Fitzroy!$H$2:$M$2,0)) -> 0 | G10: =INDEX(Properties_Fitzroy!$H$3:$M$45,MATCH(RT60_Fitzroy!$A10,Properties_Fitzroy!$A$3:$A$45,0),MATCH(RT60_Fitzroy!G$4,Properties_Fitzroy!$H$2:$M$2,0)) -> 0 | H10: =INDEX(Properties_Fitzroy!$H$3:$M$45,MATCH(RT60_Fitzroy!$A10,Properties_Fitzroy!$A$3:$A$45,0),MATCH(RT60_Fitzroy!H$4,Properties_Fitzroy!$H$2:$M$2,0)) -> 0
A12: Material - YZ | B12: Area (m2) | C12: 125 Hz | D12: 250 Hz | E12: 500 Hz | F12: 1000 Hz | G12: 2000 Hz | H12: 4000 Hz
A13: Concrete (sealed or painted) | B13: 45 | C13: =INDEX(Properties_Fitzroy!$H$3:$M$45,MATCH(RT60_Fitzroy!$A13,Properties_Fitzroy!$A$3:$A$45,0),MATCH(RT60_Fitzroy!C$4,Properties_Fitzroy!$H$2:$M$2,0)) -> 0.01 | D13: =INDEX(Properties_Fitzroy!$H$3:$M$45,MATCH(RT60_Fitzroy!$A13,Properties_Fitzroy!$A$3:$A$45,0),MATCH(RT60_Fitzroy!D$4,Properties_Fitzroy!$H$2:$M$2,0)) -> 0.02 | E13: =INDEX(Properties_Fitzroy!$H$3:$M$45,MATCH(RT60_Fitzroy!$A13,Properties_Fitzroy!$A$3:$A$45,0),MATCH(RT60_Fitzroy!E$4,Properties_Fitzroy!$H$2:$M$2,0)) -> 0.02 | F13: =INDEX(Properties_Fitzroy!$H$3:$M$45,MATCH(RT60_Fitzroy!$A13,Properties_Fitzroy!$A$3:$A$45,0),MATCH(RT60_Fitzroy!F$4,Properties_Fitzroy!$H$2:$M$2,0)) -> 0.02 | G13: =INDEX(Properties_Fitzroy!$H$3:$M$45,MATCH(RT60_Fitzroy!$A13,Properties_Fitzroy!$A$3:$A$45,0),MATCH(RT60_Fitzroy!G$4,Properties_Fitzroy!$H$2:$M$2,0)) -> 0.02 | H13: =INDEX(Properties_Fitzroy!$H$3:$M$45,MATCH(RT60_Fitzroy!$A13,Properties_Fitzroy!$A$3:$A$45,0),MATCH(RT60_Fitzroy!H$4,Properties_Fitzroy!$H$2:$M$2,0)) -> 0.02
A14: Description | B14: 55 | C14: =INDEX(Properties_Fitzroy!$H$3:$M$45,MATCH(RT60_Fitzroy!$A14,Properties_Fitzroy!$A$3:$A$45,0),MATCH(RT60_Fitzroy!C$4,Properties_Fitzroy!$H$2:$M$2,0)) -> 0 | D14: =INDEX(Properties_Fitzroy!$H$3:$M$45,MATCH(RT60_Fitzroy!$A14,Properties_Fitzroy!$A$3:$A$45,0),MATCH(RT60_Fitzroy!D$4,Properties_Fitzroy!$H$2:$M$2,0)) -> 0 | E14: =INDEX(Properties_Fitzroy!$H$3:$M$45,MATCH(RT60_Fitzroy!$A14,Properties_Fitzroy!$A$3:$A$45,0),MATCH(RT60_Fitzroy!E$4,Properties_Fitzroy!$H$2:$M$2,0)) -> 0 | F14: =INDEX(Properties_Fitzroy!$H$3:$M$45,MATCH(RT60_Fitzroy!$A14,Properties_Fitzroy!$A$3:$A$45,0),MATCH(RT60_Fitzroy!F$4,Properties_Fitzroy!$H$2:$M$2,0)) -> 0 | G14: =INDEX(Properties_Fitzroy!$H$3:$M$45,MATCH(RT60_Fitzroy!$A14,Properties_Fitzroy!$A$3:$A$45,0),MATCH(RT60_Fitzroy!G$4,Properties_Fitzroy!$H$2:$M$2,0)) -> 0 | H14: =INDEX(Properties_Fitzroy!$H$3:$M$45,MATCH(RT60_Fitzroy!$A14,Properties_Fitzroy!$A$3:$A$45,0),MATCH(RT60_Fitzroy!H$4,Properties_Fitzroy!$H$2:$M$2,0)) -> 0
A15: Description | B15: 0 | C15: =INDEX(Properties_Fitzroy!$H$3:$M$45,MATCH(RT60_Fitzroy!$A15,Properties_Fitzroy!$A$3:$A$45,0),MATCH(RT60_Fitzroy!C$4,Properties_Fitzroy!$H$2:$M$2,0)) -> 0 | D15: =INDEX(Properties_Fitzroy!$H$3:$M$45,MATCH(RT60_Fitzroy!$A15,Properties_Fitzroy!$A$3:$A$45,0),MATCH(RT60_Fitzroy!D$4,Properties_Fitzroy!$H$2:$M$2,0)) -> 0 | E15: =INDEX(Properties_Fitzroy!$H$3:$M$45,MATCH(RT60_Fitzroy!$A15,Properties_Fitzroy!$A$3:$A$45,0),MATCH(RT60_Fitzroy!E$4,Properties_Fitzroy!$H$2:$M$2,0)) -> 0 | F15: =INDEX(Properties_Fitzroy!$H$3:$M$45,MATCH(RT60_Fitzroy!$A15,Properties_Fitzroy!$A$3:$A$45,0),MATCH(RT60_Fitzroy!F$4,Properties_Fitzroy!$H$2:$M$2,0)) -> 0 | G15: =INDEX(Properties_Fitzroy!$H$3:$M$45,MATCH(RT60_Fitzroy!$A15,Properties_Fitzroy!$A$3:$A$45,0),MATCH(RT60_Fitzroy!G$4,Properties_Fitzroy!$H$2:$M$2,0)) -> 0 | H15: =INDEX(Properties_Fitzroy!$H$3:$M$45,MATCH(RT60_Fitzroy!$A15,Properties_Fitzroy!$A$3:$A$45,0),MATCH(RT60_Fitzroy!H$4,Properties_Fitzroy!$H$2:$M$2,0)) -> 0
A16: Description | B16: 0 | C16: =INDEX(Properties_Fitzroy!$H$3:$M$45,MATCH(RT60_Fitzroy!$A16,Properties_Fitzroy!$A$3:$A$45,0),MATCH(RT60_Fitzroy!C$4,Properties_Fitzroy!$H$2:$M$2,0)) -> 0 | D16: =INDEX(Properties_Fitzroy!$H$3:$M$45,MATCH(RT60_Fitzroy!$A16,Properties_Fitzroy!$A$3:$A$45,0),MATCH(RT60_Fitzroy!D$4,Properties_Fitzroy!$H$2:$M$2,0)) -> 0 | E16: =INDEX(Properties_Fitzroy!$H$3:$M$45,MATCH(RT60_Fitzroy!$A16,Properties_Fitzroy!$A$3:$A$45,0),MATCH(RT60_Fitzroy!E$4,Properties_Fitzroy!$H$2:$M$2,0)) -> 0 | F16: =INDEX(Properties_Fitzroy!$H$3:$M$45,MATCH(RT60_Fitzroy!$A16,Properties_Fitzroy!$A$3:$A$45,0),MATCH(RT60_Fitzroy!F$4,Properties_Fitzroy!$H$2:$M$2,0)) -> 0 | G16: =INDEX(Properties_Fitzroy!$H$3:$M$45,MATCH(RT60_Fitzroy!$A16,Properties_Fitzroy!$A$3:$A$45,0),MATCH(RT60_Fitzroy!G$4,Properties_Fitzroy!$H$2:$M$2,0)) -> 0 | H16: =INDEX(Properties_Fitzroy!$H$3:$M$45,MATCH(RT60_Fitzroy!$A16,Properties_Fitzroy!$A$3:$A$45,0),MATCH(RT60_Fitzroy!H$4,Properties_Fitzroy!$H$2:$M$2,0)) -> 0
A17: Description | B17: 0 | C17: =INDEX(Properties_Fitzroy!$H$3:$M$45,MATCH(RT60_Fitzroy!$A17,Properties_Fitzroy!$A$3:$A$45,0),MATCH(RT60_Fitzroy!C$4,Properties_Fitzroy!$H$2:$M$2,0)) -> 0 | D17: =INDEX(Properties_Fitzroy!$H$3:$M$45,MATCH(RT60_Fitzroy!$A17,Properties_Fitzroy!$A$3:$A$45,0),MATCH(RT60_Fitzroy!D$4,Properties_Fitzroy!$H$2:$M$2,0)) -> 0 | E17: =INDEX(Properties_Fitzroy!$H$3:$M$45,MATCH(RT60_Fitzroy!$A17,Properties_Fitzroy!$A$3:$A$45,0),MATCH(RT60_Fitzroy!E$4,Properties_Fitzroy!$H$2:$M$2,0)) -> 0 | F17: =INDEX(Properties_Fitzroy!$H$3:$M$45,MATCH(RT60_Fitzroy!$A17,Properties_Fitzroy!$A$3:$A$45,0),MATCH(RT60_Fitzroy!F$4,Properties_Fitzroy!$H$2:$M$2,0)) -> 0 | G17: =INDEX(Properties_Fitzroy!$H$3:$M$45,MATCH(RT60_Fitzroy!$A17,Properties_Fitzroy!$A$3:$A$45,0),MATCH(RT60_Fitzroy!G$4,Properties_Fitzroy!$H$2:$M$2,0)) -> 0 | H17: =INDEX(Properties_Fitzroy!$H$3:$M$45,MATCH(RT60_Fitzroy!$A17,Properties_Fitzroy!$A$3:$A$45,0),MATCH(RT60_Fitzroy!H$4,Properties_Fitzroy!$H$2:$M$2,0)) -> 0
A18: Description | B18: 0 | C18: =INDEX(Properties_Fitzroy!$H$3:$M$45,MATCH(RT60_Fitzroy!$A18,Properties_Fitzroy!$A$3:$A$45,0),MATCH(RT60_Fitzroy!C$4,Properties_Fitzroy!$H$2:$M$2,0)) -> 0 | D18: =INDEX(Properties_Fitzroy!$H$3:$M$45,MATCH(RT60_Fitzroy!$A18,Properties_Fitzroy!$A$3:$A$45,0),MATCH(RT60_Fitzroy!D$4,Properties_Fitzroy!$H$2:$M$2,0)) -> 0 | E18: =INDEX(Properties_Fitzroy!$H$3:$M$45,MATCH(RT60_Fitzroy!$A18,Properties_Fitzroy!$A$3:$A$45,0),MATCH(RT60_Fitzroy!E$4,Properties_Fitzroy!$H$2:$M$2,0)) -> 0 | F18: =INDEX(Properties_Fitzroy!$H$3:$M$45,MATCH(RT60_Fitzroy!$A18,Properties_Fitzroy!$A$3:$A$45,0),MATCH(RT60_Fitzroy!F$4,Properties_Fitzroy!$H$2:$M$2,0)) -> 0 | G18: =INDEX(Properties_Fitzroy!$H$3:$M$45,MATCH(RT60_Fitzroy!$A18,Properties_Fitzroy!$A$3:$A$45,0),MATCH(RT60_Fitzroy!G$4,Properties_Fitzroy!$H$2:$M$2,0)) -> 0 | H18: =INDEX(Properties_Fitzroy!$H$3:$M$45,MATCH(RT60_Fitzroy!$A18,Properties_Fitzroy!$A$3:$A$45,0),MATCH(RT60_Fitzroy!H$4,Properties_Fitzroy!$H$2:$M$2,0)) -> 0
A20: Material - ZX | B20: Area (m2) | C20: 125 Hz | D20: 250 Hz | E20: 500 Hz | F20: 1000 Hz | G20: 2000 Hz | H20: 4000 Hz
A21: Wood parquet on concrete | B21: 30 | C21: =INDEX(Properties_Fitzroy!$H$3:$M$45,MATCH(RT60_Fitzroy!$A21,Properties_Fitzroy!$A$3:$A$45,0),MATCH(RT60_Fitzroy!C$4,Properties_Fitzroy!$H$2:$M$2,0)) -> 0.04 | D21: =INDEX(Properties_Fitzroy!$H$3:$M$45,MATCH(RT60_Fitzroy!$A21,Properties_Fitzroy!$A$3:$A$45,0),MATCH(RT60_Fitzroy!D$4,Properties_Fitzroy!$H$2:$M$2,0)) -> 0.04 | E21: =INDEX(Properties_Fitzroy!$H$3:$M$45,MATCH(RT60_Fitzroy!$A21,Properties_Fitzroy!$A$3:$A$45,0),MATCH(RT60_Fitzroy!E$4,Properties_Fitzroy!$H$2:$M$2,0)) -> 0.07 | F21: =INDEX(Properties_Fitzroy!$H$3:$M$45,MATCH(RT60_Fitzroy!$A21,Properties_Fitzroy!$A$3:$A$45,0),MATCH(RT60_Fitzroy!F$4,Properties_Fitzroy!$H$2:$M$2,0)) -> 0.06 | G21: =INDEX(Properties_Fitzroy!$H$3:$M$45,MATCH(RT60_Fitzroy!$A21,Properties_Fitzroy!$A$3:$A$45,0),MATCH(RT60_Fitzroy!G$4,Properties_Fitzroy!$H$2:$M$2,0)) -> 0.06 | H21: =INDEX(Properties_Fitzroy!$H$3:$M$45,MATCH(RT60_Fitzroy!$A21,Properties_Fitzroy!$A$3:$A$45,0),MATCH(RT60_Fitzroy!H$4,Properties_Fitzroy!$H$2:$M$2,0)) -> 0.07
A22: Description | B22: 45 | C22: 0.8 | D22: =INDEX(Properties_Fitzroy!$H$3:$M$45,MATCH(RT60_Fitzroy!$A22,Properties_Fitzroy!$A$3:$A$45,0),MATCH(RT60_Fitzroy!D$4,Properties_Fitzroy!$H$2:$M$2,0)) -> 0 | E22: =INDEX(Properties_Fitzroy!$H$3:$M$45,MATCH(RT60_Fitzroy!$A22,Properties_Fitzroy!$A$3:$A$45,0),MATCH(RT60_Fitzroy!E$4,Properties_Fitzroy!$H$2:$M$2,0)) -> 0 | F22: =INDEX(Properties_Fitzroy!$H$3:$M$45,MATCH(RT60_Fitzroy!$A22,Properties_Fitzroy!$A$3:$A$45,0),MATCH(RT60_Fitzroy!F$4,Properties_Fitzroy!$H$2:$M$2,0)) -> 0 | G22: =INDEX(Properties_Fitzroy!$H$3:$M$45,MATCH(RT60_Fitzroy!$A22,Properties_Fitzroy!$A$3:$A$45,0),MATCH(RT60_Fitzroy!G$4,Properties_Fitzroy!$H$2:$M$2,0)) -> 0 | H22: =INDEX(Properties_Fitzroy!$H$3:$M$45,MATCH(RT60_Fitzroy!$A22,Properties_Fitzroy!$A$3:$A$45,0),MATCH(RT60_Fitzroy!H$4,Properties_Fitzroy!$H$2:$M$2,0)) -> 0
A23: Description | B23: 0 | C23: =INDEX(Properties_Fitzroy!$H$3:$M$45,MATCH(RT60_Fitzroy!$A23,Properties_Fitzroy!$A$3:$A$45,0),MATCH(RT60_Fitzroy!C$4,Properties_Fitzroy!$H$2:$M$2,0)) -> 0 | D23: =INDEX(Properties_Fitzroy!$H$3:$M$45,MATCH(RT60_Fitzroy!$A23,Properties_Fitzroy!$A$3:$A$45,0),MATCH(RT60_Fitzroy!D$4,Properties_Fitzroy!$H$2:$M$2,0)) -> 0 | E23: =INDEX(Properties_Fitzroy!$H$3:$M$45,MATCH(RT60_Fitzroy!$A23,Properties_Fitzroy!$A$3:$A$45,0),MATCH(RT60_Fitzroy!E$4,Properties_Fitzroy!$H$2:$M$2,0)) -> 0 | F23: =INDEX(Properties_Fitzroy!$H$3:$M$45,MATCH(RT60_Fitzroy!$A23,Properties_Fitzroy!$A$3:$A$45,0),MATCH(RT60_Fitzroy!F$4,Properties_Fitzroy!$H$2:$M$2,0)) -> 0 | G23: =INDEX(Properties_Fitzroy!$H$3:$M$45,MATCH(RT60_Fitzroy!$A23,Properties_Fitzroy!$A$3:$A$45,0),MATCH(RT60_Fitzroy!G$4,Properties_Fitzroy!$H$2:$M$2,0)) -> 0 | H23: =INDEX(Properties_Fitzroy!$H$3:$M$45,MATCH(RT60_Fitzroy!$A23,Properties_Fitzroy!$A$3:$A$45,0),MATCH(RT60_Fitzroy!H$4,Properties_Fitzroy!$H$2:$M$2,0)) -> 0
A24: Description | B24: 0 | C24: =INDEX(Properties_Fitzroy!$H$3:$M$45,MATCH(RT60_Fitzroy!$A24,Properties_Fitzroy!$A$3:$A$45,0),MATCH(RT60_Fitzroy!C$4,Properties_Fitzroy!$H$2:$M$2,0)) -> 0 | D24: =INDEX(Properties_Fitzroy!$H$3:$M$45,MATCH(RT60_Fitzroy!$A24,Properties_Fitzroy!$A$3:$A$45,0),MATCH(RT60_Fitzroy!D$4,Properties_Fitzroy!$H$2:$M$2,0)) -> 0 | E24: =INDEX(Properties_Fitzroy!$H$3:$M$45,MATCH(RT60_Fitzroy!$A24,Properties_Fitzroy!$A$3:$A$45,0),MATCH(RT60_Fitzroy!E$4,Properties_Fitzroy!$H$2:$M$2,0)) -> 0 | F24: =INDEX(Properties_Fitzroy!$H$3:$M$45,MATCH(RT60_Fitzroy!$A24,Properties_Fitzroy!$A$3:$A$45,0),MATCH(RT60_Fitzroy!F$4,Properties_Fitzroy!$H$2:$M$2,0)) -> 0 | G24: =INDEX(Properties_Fitzroy!$H$3:$M$45,MATCH(RT60_Fitzroy!$A24,Properties_Fitzroy!$A$3:$A$45,0),MATCH(RT60_Fitzroy!G$4,Properties_Fitzroy!$H$2:$M$2,0)) -> 0 | H24: =INDEX(Properties_Fitzroy!$H$3:$M$45,MATCH(RT60_Fitzroy!$A24,Properties_Fitzroy!$A$3:$A$45,0),MATCH(RT60_Fitzroy!H$4,Properties_Fitzroy!$H$2:$M$2,0)) -> 0
A25: Description | B25: 0 | C25: =INDEX(Properties_Fitzroy!$H$3:$M$45,MATCH(RT60_Fitzroy!$A25,Properties_Fitzroy!$A$3:$A$45,0),MATCH(RT60_Fitzroy!C$4,Properties_Fitzroy!$H$2:$M$2,0)) -> 0 | D25: =INDEX(Properties_Fitzroy!$H$3:$M$45,MATCH(RT60_Fitzroy!$A25,Properties_Fitzroy!$A$3:$A$45,0),MATCH(RT60_Fitzroy!D$4,Properties_Fitzroy!$H$2:$M$2,0)) -> 0 | E25: =INDEX(Properties_Fitzroy!$H$3:$M$45,MATCH(RT60_Fitzroy!$A25,Properties_Fitzroy!$A$3:$A$45,0),MATCH(RT60_Fitzroy!E$4,Properties_Fitzroy!$H$2:$M$2,0)) -> 0 | F25: =INDEX(Properties_Fitzroy!$H$3:$M$45,MATCH(RT60_Fitzroy!$A25,Properties_Fitzroy!$A$3:$A$45,0),MATCH(RT60_Fitzroy!F$4,Properties_Fitzroy!$H$2:$M$2,0)) -> 0 | G25: =INDEX(Properties_Fitzroy!$H$3:$M$45,MATCH(RT60_Fitzroy!$A25,Properties_Fitzroy!$A$3:$A$45,0),MATCH(RT60_Fitzroy!G$4,Properties_Fitzroy!$H$2:$M$2,0)) -> 0 | H25: =INDEX(Properties_Fitzroy!$H$3:$M$45,MATCH(RT60_Fitzroy!$A25,Properties_Fitzroy!$A$3:$A$45,0),MATCH(RT60_Fitzroy!H$4,Properties_Fitzroy!$H$2:$M$2,0)) -> 0
A26: Description | B26: 0 | C26: =INDEX(Properties_Fitzroy!$H$3:$M$45,MATCH(RT60_Fitzroy!$A26,Properties_Fitzroy!$A$3:$A$45,0),MATCH(RT60_Fitzroy!C$4,Properties_Fitzroy!$H$2:$M$2,0)) -> 0 | D26: =INDEX(Properties_Fitzroy!$H$3:$M$45,MATCH(RT60_Fitzroy!$A26,Properties_Fitzroy!$A$3:$A$45,0),MATCH(RT60_Fitzroy!D$4,Properties_Fitzroy!$H$2:$M$2,0)) -> 0 | E26: =INDEX(Properties_Fitzroy!$H$3:$M$45,MATCH(RT60_Fitzroy!$A26,Properties_Fitzroy!$A$3:$A$45,0),MATCH(RT60_Fitzroy!E$4,Properties_Fitzroy!$H$2:$M$2,0)) -> 0 | F26: =INDEX(Properties_Fitzroy!$H$3:$M$45,MATCH(RT60_Fitzroy!$A26,Properties_Fitzroy!$A$3:$A$45,0),MATCH(RT60_Fitzroy!F$4,Properties_Fitzroy!$H$2:$M$2,0)) -> 0 | G26: =INDEX(Properties_Fitzroy!$H$3:$M$45,MATCH(RT60_Fitzroy!$A26,Properties_Fitzroy!$A$3:$A$45,0),MATCH(RT60_Fitzroy!G$4,Properties_Fitzroy!$H$2:$M$2,0)) -> 0 | H26: =INDEX(Properties_Fitzroy!$H$3:$M$45,MATCH(RT60_Fitzroy!$A26,Properties_Fitzroy!$A$3:$A$45,0),MATCH(RT60_Fitzroy!H$4,Properties_Fitzroy!$H$2:$M$2,0)) -> 0

Sheet Best RT60_Fitzroy
A1: Use | B1: Best Volume /person (m3) | D1: Use | E1: Best Volume /person (m3)
A2: Concert Hall | B2: 7.1 | D2: Church | E2: =VLOOKUP(D2, A2:B6, 2,FALSE) -> 7.5
A3: Opera House | B3: 4.6
A4: Church | B4: 7.5 | D4: Number of people | E4: 40
A5: Cinema | B5: 3.1
A6: Reference Hall | B6: 2.8 | D6: Source | E6: r
D7: Speaking | E7: =VLOOKUP(D7, A9:B11, 2,FALSE) -> 4
A8: Source | B8: r
A9: Speaking | B9: 4
A10: Orchestra | B10: 5 | D10: Best RT60 | E10: =E7*(0.012*(RT60_Fitzroy!C2^(1/3))+0.107) -> 0.73038105
A11: Choir | B11: 6

Sheet Fitzroy_Calculations
A1: Room Volume (m³) | D1: Material - XY | E1: Area (m2) | F1: 125 Hz | G1: 250 Hz | H1: 500 Hz | I1: 1000 Hz | J1: 2000 Hz | K1: 4000 Hz
A2: =RT60_Fitzroy!C2 -> 250 | D2: =RT60_Fitzroy!A5 -> Concrete (unpainted, rough finish) | E2: 45 | F2: =RT60_Fitzroy!C5 -> 0.01 | G2: =RT60_Fitzroy!D5 -> 0.02 | H2: =RT60_Fitzroy!E5 -> 0.04 | I2: =RT60_Fitzroy!F5 -> 0.06 | J2: =RT60_Fitzroy!G5 -> 0.08 | K2: =RT60_Fitzroy!H5 -> 0.1
D3: =RT60_Fitzroy!A6 -> Description | E3: =RT60_Fitzroy!B6 -> 10 | F3: 0.5 | G3: =RT60_Fitzroy!D6 -> 0 | H3: =RT60_Fitzroy!E6 -> 0 | I3: =RT60_Fitzroy!F6 -> 0 | J3: =RT60_Fitzroy!G6 -> 0 | K3: =RT60_Fitzroy!H6 -> 0
A4: Surface (m2) | D4: =RT60_Fitzroy!A7 -> Description | E4: =RT60_Fitzroy!B7 -> 0 | F4: =RT60_Fitzroy!C7 -> 0 | G4: =RT60_Fitzroy!D7 -> 0 | H4: =RT60_Fitzroy!E7 -> 0 | I4: =RT60_Fitzroy!F7 -> 0 | J4: =RT60_Fitzroy!G7 -> 0 | K4: =RT60_Fitzroy!H7 -> 0 | N4: RT60 (s)
A5: XY | B5: 100 | D5: =RT60_Fitzroy!A8 -> Wood parquet on concrete | E5: =RT60_Fitzroy!B8 -> 0 | F5: =RT60_Fitzroy!C8 -> 0.04 | G5: =RT60_Fitzroy!D8 -> 0.04 | H5: =RT60_Fitzroy!E8 -> 0.07 | I5: =RT60_Fitzroy!F8 -> 0.06 | J5: =RT60_Fitzroy!G8 -> 0.06 | K5: =RT60_Fitzroy!H8 -> 0.07 | N5: 125 Hz | O5: 250 Hz | P5: 500 Hz | Q5: 1000 Hz | R5: 2000 Hz | S5: 4000 Hz
A6: YZ | B6: 32 | D6: =RT60_Fitzroy!A9 -> Description | E6: =RT60_Fitzroy!B9 -> 0 | F6: =RT60_Fitzroy!C9 -> 0 | G6: =RT60_Fitzroy!D9 -> 0 | H6: =RT60_Fitzroy!E9 -> 0 | I6: =RT60_Fitzroy!F9 -> 0 | J6: =RT60_Fitzroy!G9 -> 0 | K6: =RT60_Fitzroy!H9 -> 0 | N6: {=0.161*$A$2/($B8^2)*(SUM($B5:$B7/(LN((1-F27:F29)^(-1)))))} -> 5.2284148 | O6: {=0.161*$A$2/($B8^2)*(SUM($B5:$B7/(LN((1-G27:G29)^(-1)))))} -> 17.79078 | P6: {=0.161*$A$2/($B8^2)*(SUM($B5:$B7/(LN((1-H27:H29)^(-1)))))} -> 9.7239195 | Q6: {=0.161*$A$2/($B8^2)*(SUM($B5:$B7/(LN((1-I27:I29)^(-1)))))} -> 7.5511619 | R6: {=0.161*$A$2/($B8^2)*(SUM($B5:$B7/(LN((1-J27:J29)^(-1)))))} -> 5.2648442 | S6: {=0.161*$A$2/($B8^2)*(SUM($B5:$B7/(LN((1-K27:K29)^(-1)))))} -> 5.4411139
A7: ZX | B7: 45 | D7: =RT60_Fitzroy!A10 -> Description | E7: =RT60_Fitzroy!B10 -> 0 | F7: =RT60_Fitzroy!C10 -> 0 | G7: =RT60_Fitzroy!D10 -> 8 | H7: =RT60_Fitzroy!E10 -> 0 | I7: =RT60_Fitzroy!F10 -> 0 | J7: =RT60_Fitzroy!G10 -> 0 | K7: =RT60_Fitzroy!H10 -> 0
A8: Total S | B8: =SUM(B5:B7) -> 177
D9: Material - YZ | E9: Area (m2) | F9: 125 Hz | G9: 250 Hz | H9: 500 Hz | I9: 1000 Hz | J9: 2000 Hz | K9: 4000 Hz
D10: =RT60_Fitzroy!A13 -> Concrete (sealed or painted) | E10: =RT60_Fitzroy!B13 -> 45 | F10: =RT60_Fitzroy!C13 -> 0.01 | G10: =RT60_Fitzroy!D13 -> 0.02 | H10: =RT60_Fitzroy!E13 -> 0.02 | I10: =RT60_Fitzroy!F13 -> 0.02 | J10: 0.08 | K10: =RT60_Fitzroy!H13 -> 0.02
D11: =RT60_Fitzroy!A14 -> Description | E11: =RT60_Fitzroy!B14 -> 55 | F11: =RT60_Fitzroy!C14 -> 0 | G11: =RT60_Fitzroy!D14 -> 0 | H11: =RT60_Fitzroy!E14 -> 0 | I11: =RT60_Fitzroy!F14 -> 0 | J11: =RT60_Fitzroy!G14 -> 0 | K11: =RT60_Fitzroy!H14 -> 0
D12: =RT60_Fitzroy!A15 -> Description | E12: =RT60_Fitzroy!B15 -> 0 | F12: =RT60_Fitzroy!C15 -> 0 | G12: =RT60_Fitzroy!D15 -> 0 | H12: =RT60_Fitzroy!E15 -> 0 | I12: =RT60_Fitzroy!F15 -> 0 | J12: =RT60_Fitzroy!G15 -> 0 | K12: =RT60_Fitzroy!H15 -> 0
D13: =RT60_Fitzroy!A16 -> Description | E13: =RT60_Fitzroy!B16 -> 0 | F13: =RT60_Fitzroy!C16 -> 0 | G13: =RT60_Fitzroy!D16 -> 0 | H13: =RT60_Fitzroy!E16 -> 0 | I13: =RT60_Fitzroy!F16 -> 0 | J13: =RT60_Fitzroy!G16 -> 0 | K13: =RT60_Fitzroy!H16 -> 0
D14: =RT60_Fitzroy!A17 -> Description | E14: =RT60_Fitzroy!B17 -> 0 | F14: =RT60_Fitzroy!C17 -> 0 | G14: =RT60_Fitzroy!D17 -> 0 | H14: =RT60_Fitzroy!E17 -> 0 | I14: =RT60_Fitzroy!F17 -> 0 | J14: =RT60_Fitzroy!G17 -> 0 | K14: =RT60_Fitzroy!H17 -> 0
D15: =RT60_Fitzroy!A18 -> Description | E15: =RT60_Fitzroy!B18 -> 0 | F15: =RT60_Fitzroy!C18 -> 0 | G15: =RT60_Fitzroy!D18 -> 0 | H15: =RT60_Fitzroy!E18 -> 0 | I15: =RT60_Fitzroy!F18 -> 0 | J15: =RT60_Fitzroy!G18 -> 0 | K15: =RT60_Fitzroy!H18 -> 0
D17: Material - ZX | E17: Area (m2) | F17: 125 Hz | G17: 250 Hz | H17: 500 Hz | I17: 1000 Hz | J17: 2000 Hz | K17: 4000 Hz
D18: =RT60_Fitzroy!A21 -> Wood parquet on concrete | E18: =RT60_Fitzroy!B21 -> 30 | F18: =RT60_Fitzroy!C21 -> 0.04 | G18: =RT60_Fitzroy!D21 -> 0.04 | H18: =RT60_Fitzroy!E21 -> 0.07 | I18: =RT60_Fitzroy!F21 -> 0.06 | J18: =RT60_Fitzroy!G21 -> 0.06 | K18: =RT60_Fitzroy!H21 -> 0.07
D19: =RT60_Fitzroy!A22 -> Description | E19: =RT60_Fitzroy!B22 -> 45 | F19: =RT60_Fitzroy!C22 -> 0.8 | G19: =RT60_Fitzroy!D22 -> 0 | H19: =RT60_Fitzroy!E22 -> 0 | I19: =RT60_Fitzroy!F22 -> 0 | J19: =RT60_Fitzroy!G22 -> 0 | K19: =RT60_Fitzroy!H22 -> 0
D20: =RT60_Fitzroy!A23 -> Description | E20: =RT60_Fitzroy!B23 -> 0 | F20: =RT60_Fitzroy!C23 -> 0 | G20: =RT60_Fitzroy!D23 -> 0 | H20: =RT60_Fitzroy!E23 -> 0 | I20: =RT60_Fitzroy!F23 -> 0 | J20: =RT60_Fitzroy!G23 -> 0 | K20: =RT60_Fitzroy!H23 -> 0
D21: =RT60_Fitzroy!A24 -> Description | E21: =RT60_Fitzroy!B24 -> 0 | F21: =RT60_Fitzroy!C24 -> 0 | G21: =RT60_Fitzroy!D24 -> 0 | H21: =RT60_Fitzroy!E24 -> 0 | I21: =RT60_Fitzroy!F24 -> 0 | J21: =RT60_Fitzroy!G24 -> 0 | K21: =RT60_Fitzroy!H24 -> 0
D22: =RT60_Fitzroy!A25 -> Description | E22: =RT60_Fitzroy!B25 -> 0 | F22: =RT60_Fitzroy!C25 -> 0 | G22: =RT60_Fitzroy!D25 -> 0 | H22: =RT60_Fitzroy!E25 -> 0 | I22: =RT60_Fitzroy!F25 -> 0 | J22: =RT60_Fitzroy!G25 -> 0 | K22: =RT60_Fitzroy!H25 -> 0
D23: =RT60_Fitzroy!A26 -> Description | E23: =RT60_Fitzroy!B26 -> 0 | F23: =RT60_Fitzroy!C26 -> 0 | G23: =RT60_Fitzroy!D26 -> 0 | H23: =RT60_Fitzroy!E26 -> 0 | I23: =RT60_Fitzroy!F26 -> 0 | J23: =RT60_Fitzroy!G26 -> 0 | K23: =RT60_Fitzroy!H26 -> 0
F25: ᾱ
A26: ᾱ= (S1*a1+S2*a2+⋯+Sn*an)/S | E26: Surface | F26: 125 Hz | G26: 250 Hz | H26: 500 Hz | I26: 1000 Hz | J26: 2000 Hz | K26: 4000 Hz
E27: XY | F27: {=(SUM($E2:$E7*F2:F7))/$B5} -> 0.0545 | G27: {=(SUM($E2:$E7*G2:G7))/$B5} -> 0.009 | H27: {=(SUM($E2:$E7*H2:H7))/$B5} -> 0.018 | I27: {=(SUM($E2:$E7*I2:I7))/$B5} -> 0.027 | J27: {=(SUM($E2:$E7*J2:J7))/$B5} -> 0.036 | K27: {=(SUM($E2:$E7*K2:K7))/$B5} -> 0.045
E28: YZ | F28: {=(SUM($E10:$E15*F10:F15))/$B6} -> 0.0140625 | G28: {=(SUM($E10:$E15*G10:G15))/$B6} -> 0.028125 | H28: {=(SUM($E10:$E15*H10:H15))/$B6} -> 0.028125 | I28: {=(SUM($E10:$E15*I10:I15))/$B6} -> 0.028125 | J28: {=(SUM($E10:$E15*J10:J15))/$B6} -> 0.1125 | K28: {=(SUM($E10:$E15*K10:K15))/$B6} -> 0.028125
E29: ZX | F29: {=(SUM($E18:$E23*F18:F23))/$B7} -> 0.82666667 | G29: {=(SUM($E18:$E23*G18:G23))/$B7} -> 0.026666667 | H29: {=(SUM($E18:$E23*H18:H23))/$B7} -> 0.046666667 | I29: {=(SUM($E18:$E23*I18:I23))/$B7} -> 0.04 | J29: {=(SUM($E18:$E23*J18:J23))/$B7} -> 0.04 | K29: {=(SUM($E18:$E23*K18:K23))/$B7} -> 0.046666667
